address,city,state,postal,url
1310 Third Avenue,Huntington,West Virginia,25701,https://order.fazolis.com/menu/3rd-Avenue-WV
5120 U.S. 60 East,Huntington,West Virginia,25705,https://order.fazolis.com/menu/Barboursville-WV
238 W. Alexander Street,Plant City,Florida,33563,https://order.fazolis.com/menu/Plant-City-FL
1204 Greenbrier Parkway,Chesapeake,Virginia,23320,https://order.fazolis.com/menu/Greenbrier-VA
4224 West Empire Place,Sioux Falls,South Dakota,57106,https://order.fazolis.com/menu/Sioux-Falls-SD
139 Columbiana Drive,Columbia,South Carolina,29212,https://order.fazolis.com/menu/Harbison-SC
7621 Two-Notch Road,Columbia,South Carolina,29223,https://order.fazolis.com/menu/Two-Notch-Road-SC
13600 N. Pennsylvania Ave.,Oklahoma City,Oklahoma,73120,https://order.fazolis.com/menu/Penn-Avenue-OK
501 South Morgan Road,Oklahoma City,Oklahoma,73128,https://order.fazolis.com/menu/Oklahoma-City-OK-TA
105 N Arney Road,Woodburn,Oregon,97071,https://order.fazolis.com/menu/Woodburn-OR
538 N. McPherson Church Rd,Fayetteville,North Carolina,28303,https://order.fazolis.com/menu/Fayetteville-NC
6378 Crane Drive,Whitestown,Indiana,46075,https://order.fazolis.com/menu/Zionsville-IN
2322 N. 6th Street,Vincennes,Indiana,47591,https://order.fazolis.com/menu/Vincennes-IN
6821 NW Expressway,Oklahoma City,Oklahoma,73132,https://order.fazolis.com/menu/Oklahoma-City-OK
2809 Calumet Ave.,Valparaiso,Indiana,46383,https://order.fazolis.com/menu/Valparaiso-IN
2940 S. Third Street,Terre Haute,Indiana,47802,https://order.fazolis.com/menu/TerreHaute-IN
52770 State Route 933,South Bend,Indiana,46637,https://order.fazolis.com/menu/SouthBend-IN
2554 East State Road 44,Shelbyville,Indiana,46176,https://order.fazolis.com/menu/Shelbyville-IN
10833 West Greenfield Avenue,West Allis,Wisconsin,53214,https://order.fazolis.com/menu/West-Allis-WI
4900 Broadway,Quincy,Illinois,62305,https://order.fazolis.com/menu/Quincy-IL
215 Greenbriar Road,Normal,Illinois,61761,https://order.fazolis.com/menu/Normal-IL
4209 Broadway St.,Mount Vernon,Illinois,62864,https://order.fazolis.com/menu/Mt-Vernon-IL
721 41st Avenue Drive,Moline,Illinois,61265,https://order.fazolis.com/menu/Moline-IL
1135 Carbon Street,Marion,Illinois,62959,https://order.fazolis.com/menu/Marion-IL
5811 N. Illinois Street,Fairview Heights,Illinois,62208,https://order.fazolis.com/menu/Fairview-Hts-IL
6663 Edwardsville Crossing Drive,Edwardsville,Illinois,62025,https://order.fazolis.com/menu/Edwardsville-IL
789 Business Park Dr.,Prattville,Alabama,36066,https://order.fazolis.com/menu/Prattville-AL
1631 W US Highway 50,Pueblo,Colorado,81008,https://order.fazolis.com/menu/Pueblo-CO
5201 W. Waco Drive,Waco,Texas,76710,https://order.fazolis.com/menu/Waco-Drive-TX
919 S. 6th Street,Waco,Texas,76706,https://order.fazolis.com/menu/Baylor-TX
7205 South Broadway,Tyler,Texas,75703,
927 Highway 80,San Marcos,Texas,78666,https://order.fazolis.com/menu/San-Marcos-TX
6170 Interstate 10 East,San Antonio,Texas,78219,https://order.fazolis.com/menu/San-Antonio-TX-TA
1943 West Interstate 2,Pharr,Texas,78577,https://order.fazolis.com/menu/Pharr-TX
4241 John Ben Shepperd Pkwy,Odessa,Texas,79762,https://order.fazolis.com/menu/Odessa-TX
4505 West Loop 250 North,Midland,Texas,79707,https://order.fazolis.com/menu/Midland-TX
1969 N. Jackson Street,Tullahoma,Tennessee,37388,https://order.fazolis.com/menu/Tullahoma-TN
450 Enon Springs Rd,Smyrna,Tennessee,37167,https://order.fazolis.com/menu/Smyrna-TN
10 Harding Mall Drive,Nashville,Tennessee,37211,https://order.fazolis.com/menu/Nashville-TN
835 Old Fort Parkway,Murfreesboro,Tennessee,37129,https://order.fazolis.com/menu/Murfreesboro-TN
4362 Erica Greene Cir,Morristown,Tennessee,37814,https://orders.fazolis.com/index.cfm?fuseaction=order&action=preorder&isToGo=1&store_code=5298
3587 Riverdale Road,Memphis,Tennessee,38115,https://order.fazolis.com/menu/Memphis-TN
1847 Gallatin Pike North,Madison,Tennessee,37115,https://order.fazolis.com/menu/Madison-TN
2449 Jacksboro Pike,LaFollette,Tennessee,37766,https://order.fazolis.com/menu/LaFollette-TN
9515 Kingston Pike,Knoxville,Tennessee,37922,https://order.fazolis.com/menu/Knoxville-TN
2009 N. Eastman Road,Kingsport,Tennessee,37660,https://order.fazolis.com/menu/Kingsport-TN
1916 N. Roan Street,Johnson City,Tennessee,37601,https://order.fazolis.com/menu/Johnson-City-TN
1914 Emporium Drive,Jackson,Tennessee,38305,https://order.fazolis.com/menu/Jackson-TN
5002 Old Hickory Blvd,Hermitage,Tennessee,37076,https://order.fazolis.com/menu/Hermitage-TN
1063 South Walnut,Cookeville,Tennessee,38501,https://order.fazolis.com/menu/Cookeville-TN
4550 North Lee Highway,Cleveland,Tennessee,37312,https://order.fazolis.com/menu/Cleveland-TN
2143 Lowes Drive,Clarksville,Tennessee,37040,https://order.fazolis.com/menu/Clarksville-TN
2332 Shallowford Village Drive,Chattanooga,Tennessee,37421,https://order.fazolis.com/menu/Chattanooga-TN
1902 West Loop 289,Lubbock,Texas,79407,https://order.fazolis.com/menu/Lubbock-TX
3009 Main Street,Lubbock,Texas,79409,
400 Harvey Road,College Station,Texas,77840,https://order.fazolis.com/menu/Aggie-TX
2512 Soncy Road,Amarillo,Texas,79121,https://order.fazolis.com/menu/Amarillo-TX
13201 FM 620 N,Austin,Texas,78729,https://order.fazolis.com/menu/Austin-TX
4066 S. Danville Street,Abilene,Texas,79605,https://order.fazolis.com/menu/Abilene-TX
807 South State Street,Westerville,Ohio,43081,https://order.fazolis.com/menu/Westerville-OH
1887 W. Main Street,Troy,Ohio,45373,https://order.fazolis.com/menu/Troy-OH
4008 82nd Street,Lubbock,Texas,79423,https://order.fazolis.com/menu/Lubbock-TX
2534 E. Main St.,Springfield,Ohio,45505,https://order.fazolis.com/menu/Springfield-OH
5018 1/2 Milan Road,Sandusky,Ohio,44870,https://order.fazolis.com/menu/Sandusky-OH
6830 E Main Street,Reynoldsburg,Ohio,43068,https://order.fazolis.com/menu/Reynoldsburg-OH
5230 Cobblegate Dr.,Moraine,Ohio,45439,https://order.fazolis.com/menu/Moraine-OH
1048 N. Lexington Springmill Road,Mansfield,Ohio,44906,https://order.fazolis.com/menu/Mansfield-OH
2150 Elida Rd.,Lima,Ohio,45801,https://order.fazolis.com/menu/Lima-OH
8341 Old Troy Pike,Huber Heights,Ohio,45424,https://order.fazolis.com/menu/Huber-Heights-OH
1520 Hilliard-Rome Road,Hilliard,Ohio,43026,https://order.fazolis.com/menu/Hilliard-OH
539 Hebron Road,Heath,Ohio,43056,https://order.fazolis.com/menu/Heath-OH
2096 Stringtown Road,Grove City,Ohio,43123,https://order.fazolis.com/menu/Grove-City-OH
2419 Miamisburg-Centerville Road,Dayton,Ohio,45459,https://order.fazolis.com/menu/Dayton-Mall-OH
6110 Wilmington Pike,Dayton,Ohio,45459,https://order.fazolis.com/menu/Wilmington-Pk-OH
6675 Miller Lane,Dayton,Ohio,45414,https://order.fazolis.com/menu/Miller-Lane-Dayton-OH
529 S. Main Street,Bellefontaine,Ohio,43311,https://order.fazolis.com/menu/Bellefontaine-OH
460 E. 120th Ave.,Northglenn,Colorado,80233,https://order.fazolis.com/menu/Northglenn-CO
4624 S. Mason St,Fort Collins,Colorado,80525,https://order.fazolis.com/menu/Ft-Collins-CO
1790 E. Cheyenne Mt. Blvd,Colorado Springs,Colorado,80906,https://order.fazolis.com/menu/Cheynne-Mountain-CO
3607 Austin Bluffs Pkwy,Colorado Springs,Colorado,80918,https://order.fazolis.com/menu/AustinBluff-CO
3929 Everhard Road NW,Canton,Ohio,44709,https://order.fazolis.com/menu/Canton-OH
5480 Wadsworth Bypass,Arvada,Colorado,80002,https://order.fazolis.com/menu/Wadsworth-CO
1515 W Kingshighway,Paragould,Arkansas,72450,https://order.fazolis.com/menu/Paragould-AR
1255 Hamner Ave,Norco,California,92860,https://order.fazolis.com/menu/Norco-CA
2029 N. Prospect Avenue,Champaign,Illinois,61821,https://order.fazolis.com/menu/Champaign-IL
13015 Peyton Drive,Chino Hills,California,91709,https://order.fazolis.com/menu/Chino-Hills-CA
1012 S. Abilene St,Aurora,Colorado,80012,https://order.fazolis.com/menu/MissAbiline-CO
1120 East Main Street,Carbondale,Illinois,62901,https://order.fazolis.com/menu/Carbondale-IL
1730 East Highland Dr.,Jonesboro,Arkansas,72401,https://order.fazolis.com/menu/Jonesboro-AR
210 E. Homer Adams Pkwy.,Alton,Illinois,62002,https://order.fazolis.com/menu/Alton-IL
1307 N. St. Augustine Road,Valdosta,Georgia,31601,https://order.fazolis.com/menu/Valdosta-GA
10 Mill Creek Circle,Pooler,Georgia,31322,
6237 Zebulon Rd,Macon,Georgia,31210,https://order.fazolis.com/menu/Macon-GA
3016 Battlefield Parkway,Fort Oglethorpe,Georgia,30742,https://order.fazolis.com/menu/Fort-Oglethorpe-GA
6589 Whittlesey Boulevard,Columbus,Georgia,31909,https://order.fazolis.com/menu/Columbus-GA
21 S. Dixie Avenue,Cartersville,Georgia,30120,
762 Highway 96,Bonaire,Georgia,31005,https://order.fazolis.com/menu/Bonaire-GA
7123 Eastchase Parkway,Montgomery,Alabama,36117,https://order.fazolis.com/menu/Montgomery-AL
3421 Ross Clark Circle,Dothan,Alabama,36303,https://order.fazolis.com/menu/Dothan-AL
226422 Rib Mountain Dr,Wausau,Wisconsin,54401,https://order.fazolis.com/menu/Wausau-WI
1875 S. Koeller Street,Oshkosh,Wisconsin,54902,https://order.fazolis.com/menu/Oshkosh-WI
9370 Hwy 16,Onalaska,Wisconsin,54650,https://order.fazolis.com/menu/Onalaska-WI
2143 Zeier Road,Madison,Wisconsin,53704,https://order.fazolis.com/menu/Madison-WI
2105 Humes Road,Janesville,Wisconsin,53545,https://order.fazolis.com/menu/Janesville-WI
5665 Hwy 10 East,Stevens Point,Wisconsin,54481,https://order.fazolis.com/menu/Stevens-Pt.-WI
2400 E. Mason Street,Green Bay,Wisconsin,54302,https://order.fazolis.com/menu/E-Mason-WI
2720 N. Richmond Street,Appleton,Wisconsin,54911,https://order.fazolis.com/menu/Appleton-WI
4687 W. College Avenue,Appleton,Wisconsin,54914,https://order.fazolis.com/menu/GrandChute-WI
3730 Gateway Drive [3/30],Eau Claire,Wisconsin,54701,https://order.fazolis.com/menu/Eau-Claire-WI
2494 W. Mason Street,Green Bay,Wisconsin,54303,https://order.fazolis.com/menu/isbel-gbay-wi
4711 E. National Rd.,Richmond,Indiana,47374,https://order.fazolis.com/menu/Richmond-IN
256 N. Pioneer Road,Fond Du Lac,Wisconsin,54935,https://order.fazolis.com/menu/FonDuLac-WI
307 E. McGalliard,Muncie,Indiana,47303,https://order.fazolis.com/menu/Muncie-IN
317 West Mc Kinley,Mishawaka,Indiana,46545,https://order.fazolis.com/menu/Mishawaka-IN
2922 S Western Avenue,Marion,Indiana,46953,https://order.fazolis.com/menu/Marion-IN
3457 State Rd. 26 East,Lafayette,Indiana,47905,https://order.fazolis.com/menu/lafayette-in-2
703 Third St.,Jasper,Indiana,47546,https://order.fazolis.com/menu/Jasper-IN
2374 West 86th Street,Indianapolis,Indiana,46260,https://order.fazolis.com/menu/86th-St-Indy-IN
3924 Lafayette Road,Indianapolis,Indiana,46254,https://order.fazolis.com/menu/Lafayette-IN
1695 Meridian Oaks Dr.,Greenwood,Indiana,46142,https://order.fazolis.com/menu/Greenwood-IN
2161 N Morton St.,Franklin,Indiana,46131,https://order.fazolis.com/menu/Franklin-IN
439 W. Coliseum Blvd.,Fort Wayne,Indiana,46805,https://order.fazolis.com/menu/Colliseum-FtWayne-IN
5909 Covington Road,Fort Wayne,Indiana,46804,https://order.fazolis.com/menu/TimesCorner-FtWayne-IN
622 South Reed Road,Kokomo,Indiana,46902,https://order.fazolis.com/menu/Kokomo-IN
5232 Weston Road,Evansville,Indiana,47712,https://order.fazolis.com/menu/Weston-Rd-IN
899 North Green River Rd,Evansville,Indiana,47715,https://order.fazolis.com/menu/Green-River-IN
4742 Emerson Avenue,Indianapolis,Indiana,46203,https://order.fazolis.com/menu/Emerson-IN
5202 West Washington,Indianapolis,Indiana,46241,https://order.fazolis.com/menu/W-Washington-IN
1248 Nappanee street,Elkhart,Indiana,46514,https://order.fazolis.com/menu/Elkhart-IN
3041 National Road,Columbus,Indiana,47201,https://order.fazolis.com/menu/Columbus-IN
6525 Stellhorn Dr.,Fort Wayne,Indiana,46815,https://order.fazolis.com/menu/Stellhorne-Dr-IN
6450 East 82nd Street,Indianapolis,Indiana,46250,https://order.fazolis.com/menu/82nd-St-IN
7218 West 10th Street,Indianapolis,Indiana,46214,https://order.fazolis.com/menu/10th-St-Indy-IN
7511 E Washington Street,Indianapolis,Indiana,46219,https://order.fazolis.com/menu/E-Washington-IN
913 East Highway 131,Clarksville,Indiana,47129,https://order.fazolis.com/menu/Clarksville-IN
465 East Carmel Drive,Carmel,Indiana,46032,https://order.fazolis.com/menu/E-Carmel-IN
315 College Mall Road,Bloomington,Indiana,47401,https://order.fazolis.com/menu/Bloomington-IN
7930 E Us-36,Avon,Indiana,46123,https://order.fazolis.com/menu/Avon-IN
4410 Scatterfield Road,Anderson,Indiana,46013,https://order.fazolis.com/menu/Anderson-IN
8401 S. Madison Avenue,Indianapolis,Indiana,46227,https://order.fazolis.com/menu/Madison-IN
215 E. Goodman Road,Southaven,Mississippi,38671,https://order.fazolis.com/menu/Southhaven-MS
5550 Highway 52 N,Rochester,Minnesota,55901,https://order.fazolis.com/menu/Rochester-MN
4603 Vine Street,Lincoln,Nebraska,68503,https://order.fazolis.com/menu/Lincoln-NE
5012 N. 27th Street,Lincoln,Nebraska,68504,https://order.fazolis.com/menu/lincoln-n-27th-st-ne
2434 S. 132nd Street,Omaha,Nebraska,68144,https://order.fazolis.com/menu/132nd-NE
8002 Cass Street,Omaha,Nebraska,68114,https://order.fazolis.com/menu/Cass-St-NE
2012 Pratt Avenue,Bellevue,Nebraska,68123,https://order.fazolis.com/menu/Bellevue-NE
504 N. Belt Highway,Saint Joseph,Missouri,64506,https://order.fazolis.com/menu/St-Joseph-MO
3161 Phoenix Drive,Washington,Missouri,63090,https://order.fazolis.com/menu/Washington-MO
8017 S. 84th Street,Omaha,Nebraska,68128,https://order.fazolis.com/menu/La-Vista-NE
1698 Country Club Plaza Dr.,Saint Charles,Missouri,63303,https://order.fazolis.com/menu/St-Charles-MO
2055 E. Independence Ave,Springfield,Missouri,65804,https://order.fazolis.com/menu/Springfield-MO
2137 N. Glenstone Avenue,Springfield,Missouri,65803,https://order.fazolis.com/menu/North-Glenstone-MO
2720 W Broadway Blvd,Sedalia,Missouri,65301,
5775 Suemandy Drive,Saint Peters,Missouri,63376,https://order.fazolis.com/menu/St.-Peters-MO
2501 N. Westwood Blvd,Poplar Bluff,Missouri,63901,https://order.fazolis.com/menu/Poplar-Bluff-MO
1108 State Highway K,O'Fallon,Missouri,63366,https://order.fazolis.com/menu/OFallon-MO
4027 Richard Joseph Blvd,Joplin,Missouri,64804,https://order.fazolis.com/menu/Joplin-MO
19008 E. 39th Street,Independence,Missouri,64057,https://order.fazolis.com/menu/Independence-MO
807 Lee Avenue,Festus,Missouri,63028,https://order.fazolis.com/menu/Festus-MO
1114 I-70 Dr. SW,Columbia,Missouri,65203,https://order.fazolis.com/menu/Columbia-MO
1210 E. 16th Street,Dubuque,Iowa,52001,https://order.fazolis.com/menu/Dubuque-IA
498 SE Highway 291,Lees Summit,Missouri,64063,https://order.fazolis.com/menu/Lees-Summit-MO
3600 Merle Hay Road,Des Moines,Iowa,50310,https://order.fazolis.com/menu/Merle-Hay-IA
4800 SE 14th Street,Des Moines,Iowa,50320,https://order.fazolis.com/menu/SE-14th-St-IA
3134 Dial Drive,Council Bluffs,Iowa,51503,https://order.fazolis.com/menu/Council-Bluffs-IA
930 1st Street,Ankeny,Iowa,50021,https://order.fazolis.com/menu/Ankeny-IA
2435 Grand Avenue,Ames,Iowa,50010,https://order.fazolis.com/menu/Ames-IA
3553 N. Rock Road,Wichita,Kansas,67226,https://order.fazolis.com/menu/Rock-Rd-KS
8520 West Central Avenue,Wichita,Kansas,67212,https://order.fazolis.com/menu/W-Central-Wich-KS
6345 Quivira Road,Shawnee,Kansas,66216,https://order.fazolis.com/menu/Shawnee-KS
12045 Metcalf Avenue,Overland Park,Kansas,66209,https://order.fazolis.com/menu/OverlandPark-KS
13516 S. Alden Street,Olathe,Kansas,66062,https://order.fazolis.com/menu/Olathe-KS
16 Carol Road,Winchester,Kentucky,40391,https://order.fazolis.com/menu/Winchester-KY
3209 South US 27,Somerset,Kentucky,42501,https://order.fazolis.com/menu/Somerset-KY
210 Paroquet Springs Dr.,Shepherdsville,Kentucky,40165,https://order.fazolis.com/menu/Shepherdsville-KY
441 Leighway Dr.,Richmond,Kentucky,40475,https://order.fazolis.com/menu/Richmond-KY
337 North Mayo Trail US 23,Paintsville,Kentucky,41240,https://order.fazolis.com/menu/Paintsville-KY
2935 New Holt Road,Paducah,Kentucky,42001,https://order.fazolis.com/menu/Paducah-KY
5060 Frederica Street,Owensboro,Kentucky,42301,https://order.fazolis.com/menu/Owensboro-KY
1016 N. Main Street,Nicholasville,Kentucky,40356,https://order.fazolis.com/menu/Nicholasville-KY
507 Rushing Way,Murray,Kentucky,42071,https://order.fazolis.com/menu/Murray-KY
180 Newtowne Square,Morehead,Kentucky,40351,https://order.fazolis.com/menu/Morehead-KY
416 Market Square Drive,Maysville,Kentucky,41056,https://order.fazolis.com/menu/Maysville-KY
132 Ruby Dr,Madisonville,Kentucky,42431,https://order.fazolis.com/menu/Madisonville-KY
10307 Dixie Highway,Louisville,Kentucky,40272,https://order.fazolis.com/menu/Louisville-KY
11806 Standiford Plaza Drive,Louisville,Kentucky,40229,https://order.fazolis.com/menu/Standiford-KY
2174 W. Highway 192,London,Kentucky,40741,https://order.fazolis.com/menu/London-KY
1840 Alysheba Way,Lexington,Kentucky,40509,https://order.fazolis.com/menu/Hamburg-KY
192 Garden Mile Road,Henderson,Kentucky,42420,https://order.fazolis.com/menu/Henderson-KY
47 Commodore Street,Hazard,Kentucky,41701,https://order.fazolis.com/menu/Hazard-KY
6011 Preston Highway,Louisville,Kentucky,40219,https://order.fazolis.com/menu/Louisville-KY
9433 Viking Center Drive,Louisville,Kentucky,40222,https://order.fazolis.com/menu/Whittington-KY
124 Darby Drive,Georgetown,Kentucky,40324,https://order.fazolis.com/menu/Georgetown-KY
365 Leonardwood Drive,Frankfort,Kentucky,40601,https://order.fazolis.com/menu/Frankfort-KY
2195A Richmond Road,Lexington,Kentucky,40502,https://order.fazolis.com/menu/Richmond-Rd-KY
2200 Nicholasville Road,Lexington,Kentucky,40503,https://order.fazolis.com/menu/Zandale-KY
5990 Fuller Street,Florence,Kentucky,41042,https://order.fazolis.com/menu/Florence-KY
1702 N. Dixie Avenue,Elizabethtown,Kentucky,42701,https://order.fazolis.com/menu/Elizabethtown-KY
"1560 Hustonville Rd, #397",Danville,Kentucky,40422,https://order.fazolis.com/menu/Danville-KY
2915 Scottsville Road,Bowling Green,Kentucky,42104,https://order.fazolis.com/menu/Bowling-Green-KY
3775 Harrodsburg Road,Lexington,Kentucky,40513,https://order.fazolis.com/menu/Palomar-KY
4204 Saron Drive,Lexington,Kentucky,40515,https://order.fazolis.com/menu/Tates-Creek-KY
3796 East John Rowan Boulevard,Bardstown,Kentucky,40004,https://order.fazolis.com/menu/Bardstown-KY
499 Winchester Avenue,Ashland,Kentucky,41101,https://order.fazolis.com/menu/Ashland-KY
2521 Alpine Ave,Walker,Michigan,49544,https://order.fazolis.com/menu/Walker-MI
1780 E Sherman Blvd,Muskegon,Michigan,49444,https://order.fazolis.com/menu/Muskegon-MI
1255 N Dixie Hwy,Monroe,Michigan,48162,https://order.fazolis.com/menu/Monroe-MI-TA
5705 South Cedar Street,Lansing,Michigan,48911,https://order.fazolis.com/menu/Lansing-MI
4615 Main Street,Kalamazoo,Michigan,49006,https://orders.fazolis.com/index.cfm?fuseaction=order&action=preorder&isToGo=1&store_code=5216
570 Baldwin,Jenison,Michigan,49428,https://order.fazolis.com/menu/Jenison-MI
1500 N. West Avenue,Jackson,Michigan,49202,https://order.fazolis.com/menu/Jackson-MI
5445 Beckley Road,Battle Creek,Michigan,49015,https://order.fazolis.com/menu/Battle-Creek-MI
5 South Kingshighway,Cape Girardeau,Missouri,63703,https://order.fazolis.com/menu/Cape-Girardeau-MO
12341 St. Charles Rock Rd,Bridgeton,Missouri,63044,https://order.fazolis.com/menu/Bridgeton-MO
810 US Highway 40 West,Blue Springs,Missouri,64015,https://order.fazolis.com/menu/Blue-Springs-MO
620 E. Markey Parkway,Belton,Missouri,64012,https://order.fazolis.com/menu/Belton-MO
123 Arnold Crossroads Center,Arnold,Missouri,63010,https://order.fazolis.com/menu/Arnold-MO
